LoRA Configuration,Image File,Image Path,SSIM Score
Rank-8-Alpha-4,Megamendung-R8-A4-01.png,D:\PIctures\Generations\ComfyUI\Txt2Img\Megamendung\Rank-8-Alpha-4\Megamendung-R8-A4-01.png,0.192836
Rank-8-Alpha-4,Megamendung-R8-A4-02.png,D:\PIctures\Generations\ComfyUI\Txt2Img\Megamendung\Rank-8-Alpha-4\Megamendung-R8-A4-02.png,0.200041
Rank-8-Alpha-4,Megamendung-R8-A4-03.png,D:\PIctures\Generations\ComfyUI\Txt2Img\Megamendung\Rank-8-Alpha-4\Megamendung-R8-A4-03.png,0.200317
Rank-8-Alpha-4,Megamendung-R8-A4-04.png,D:\PIctures\Generations\ComfyUI\Txt2Img\Megamendung\Rank-8-Alpha-4\Megamendung-R8-A4-04.png,0.213505
Rank-8-Alpha-4,Megamendung-R8-A4-05.png,D:\PIctures\Generations\ComfyUI\Txt2Img\Megamendung\Rank-8-Alpha-4\Megamendung-R8-A4-05.png,0.226083
Rank-8-Alpha-8,Megamendung-R8-A8-01.png,D:\PIctures\Generations\ComfyUI\Txt2Img\Megamendung\Rank-8-Alpha-8\Megamendung-R8-A8-01.png,0.181203
Rank-8-Alpha-8,Megamendung-R8-A8-02.png,D:\PIctures\Generations\ComfyUI\Txt2Img\Megamendung\Rank-8-Alpha-8\Megamendung-R8-A8-02.png,0.247393
Rank-8-Alpha-8,Megamendung-R8-A8-03.png,D:\PIctures\Generations\ComfyUI\Txt2Img\Megamendung\Rank-8-Alpha-8\Megamendung-R8-A8-03.png,0.195712
Rank-8-Alpha-8,Megamendung-R8-A8-04.png,D:\PIctures\Generations\ComfyUI\Txt2Img\Megamendung\Rank-8-Alpha-8\Megamendung-R8-A8-04.png,0.21165
Rank-8-Alpha-8,Megamendung-R8-A8-05.png,D:\PIctures\Generations\ComfyUI\Txt2Img\Megamendung\Rank-8-Alpha-8\Megamendung-R8-A8-05.png,0.227759
Rank-8-Alpha-16,Megamendung-R8-A16-01.png,D:\PIctures\Generations\ComfyUI\Txt2Img\Megamendung\Rank-8-Alpha-16\Megamendung-R8-A16-01.png,0.184689
Rank-8-Alpha-16,Megamendung-R8-A16-02.png,D:\PIctures\Generations\ComfyUI\Txt2Img\Megamendung\Rank-8-Alpha-16\Megamendung-R8-A16-02.png,0.205681
Rank-8-Alpha-16,Megamendung-R8-A16-03.png,D:\PIctures\Generations\ComfyUI\Txt2Img\Megamendung\Rank-8-Alpha-16\Megamendung-R8-A16-03.png,0.209142
Rank-8-Alpha-16,Megamendung-R8-A16-04.png,D:\PIctures\Generations\ComfyUI\Txt2Img\Megamendung\Rank-8-Alpha-16\Megamendung-R8-A16-04.png,0.200782
Rank-8-Alpha-16,Megamendung-R8-A16-05.png,D:\PIctures\Generations\ComfyUI\Txt2Img\Megamendung\Rank-8-Alpha-16\Megamendung-R8-A16-05.png,0.200324
Rank-16-Alpha-8,Megamendung-R16-A8-01.png,D:\PIctures\Generations\ComfyUI\Txt2Img\Megamendung\Rank-16-Alpha-8\Megamendung-R16-A8-01.png,0.201911
Rank-16-Alpha-8,Megamendung-R16-A8-02.png,D:\PIctures\Generations\ComfyUI\Txt2Img\Megamendung\Rank-16-Alpha-8\Megamendung-R16-A8-02.png,0.211118
Rank-16-Alpha-8,Megamendung-R16-A8-03.png,D:\PIctures\Generations\ComfyUI\Txt2Img\Megamendung\Rank-16-Alpha-8\Megamendung-R16-A8-03.png,0.192325
Rank-16-Alpha-8,Megamendung-R16-A8-04.png,D:\PIctures\Generations\ComfyUI\Txt2Img\Megamendung\Rank-16-Alpha-8\Megamendung-R16-A8-04.png,0.196482
Rank-16-Alpha-8,Megamendung-R16-A8-05.png,D:\PIctures\Generations\ComfyUI\Txt2Img\Megamendung\Rank-16-Alpha-8\Megamendung-R16-A8-05.png,0.190673
Rank-16-Alpha-16,Megamendung-R16-A16-01.png,D:\PIctures\Generations\ComfyUI\Txt2Img\Megamendung\Rank-16-Alpha-16\Megamendung-R16-A16-01.png,0.240456
Rank-16-Alpha-16,Megamendung-R16-A16-02.png,D:\PIctures\Generations\ComfyUI\Txt2Img\Megamendung\Rank-16-Alpha-16\Megamendung-R16-A16-02.png,0.262936
Rank-16-Alpha-16,Megamendung-R16-A16-03.png,D:\PIctures\Generations\ComfyUI\Txt2Img\Megamendung\Rank-16-Alpha-16\Megamendung-R16-A16-03.png,0.20317
Rank-16-Alpha-16,Megamendung-R16-A16-04.png,D:\PIctures\Generations\ComfyUI\Txt2Img\Megamendung\Rank-16-Alpha-16\Megamendung-R16-A16-04.png,0.269696
Rank-16-Alpha-16,Megamendung-R16-A16-05.png,D:\PIctures\Generations\ComfyUI\Txt2Img\Megamendung\Rank-16-Alpha-16\Megamendung-R16-A16-05.png,0.198874
Rank-16-Alpha-32,Megamendung-R16-A32-01.png,D:\PIctures\Generations\ComfyUI\Txt2Img\Megamendung\Rank-16-Alpha-32\Megamendung-R16-A32-01.png,0.24671
Rank-16-Alpha-32,Megamendung-R16-A32-02.png,D:\PIctures\Generations\ComfyUI\Txt2Img\Megamendung\Rank-16-Alpha-32\Megamendung-R16-A32-02.png,0.218686
Rank-16-Alpha-32,Megamendung-R16-A32-03.png,D:\PIctures\Generations\ComfyUI\Txt2Img\Megamendung\Rank-16-Alpha-32\Megamendung-R16-A32-03.png,0.213918
Rank-16-Alpha-32,Megamendung-R16-A32-04.png,D:\PIctures\Generations\ComfyUI\Txt2Img\Megamendung\Rank-16-Alpha-32\Megamendung-R16-A32-04.png,0.197407
Rank-16-Alpha-32,Megamendung-R16-A32-05.png,D:\PIctures\Generations\ComfyUI\Txt2Img\Megamendung\Rank-16-Alpha-32\Megamendung-R16-A32-05.png,0.197225
Rank-32-Alpha-16,Megamendung-R32-A16-02.png,D:\PIctures\Generations\ComfyUI\Txt2Img\Megamendung\Rank-32-Alpha-16\Megamendung-R32-A16-02.png,0.236744
Rank-32-Alpha-16,Megamendung-R32-A16-03.png,D:\PIctures\Generations\ComfyUI\Txt2Img\Megamendung\Rank-32-Alpha-16\Megamendung-R32-A16-03.png,0.214137
Rank-32-Alpha-16,Megamendung-R32-A16-04.png,D:\PIctures\Generations\ComfyUI\Txt2Img\Megamendung\Rank-32-Alpha-16\Megamendung-R32-A16-04.png,0.228462
Rank-32-Alpha-16,Megamendung-R32-A16-07.png,D:\PIctures\Generations\ComfyUI\Txt2Img\Megamendung\Rank-32-Alpha-16\Megamendung-R32-A16-07.png,0.24868
Rank-32-Alpha-16,Megamendung-R32-A16-08.png,D:\PIctures\Generations\ComfyUI\Txt2Img\Megamendung\Rank-32-Alpha-16\Megamendung-R32-A16-08.png,0.241053
Rank-32-Alpha-32,Megamendung-R32-A32-02.png,D:\PIctures\Generations\ComfyUI\Txt2Img\Megamendung\Rank-32-Alpha-32\Megamendung-R32-A32-02.png,0.196447
Rank-32-Alpha-32,Megamendung-R32-A32-06.png,D:\PIctures\Generations\ComfyUI\Txt2Img\Megamendung\Rank-32-Alpha-32\Megamendung-R32-A32-06.png,0.178919
Rank-32-Alpha-32,Megamendung-R32-A32-11.png,D:\PIctures\Generations\ComfyUI\Txt2Img\Megamendung\Rank-32-Alpha-32\Megamendung-R32-A32-11.png,0.182488
Rank-32-Alpha-32,Megamendung-R32-A32-12.png,D:\PIctures\Generations\ComfyUI\Txt2Img\Megamendung\Rank-32-Alpha-32\Megamendung-R32-A32-12.png,0.187394
Rank-32-Alpha-32,Megamendung-R32-A32-15.png,D:\PIctures\Generations\ComfyUI\Txt2Img\Megamendung\Rank-32-Alpha-32\Megamendung-R32-A32-15.png,0.207094
Rank-32-Alpha-64,Megamendung-R32-A64-01.png,D:\PIctures\Generations\ComfyUI\Txt2Img\Megamendung\Rank-32-Alpha-64\Megamendung-R32-A64-01.png,0.177697
Rank-32-Alpha-64,Megamendung-R32-A64-02.png,D:\PIctures\Generations\ComfyUI\Txt2Img\Megamendung\Rank-32-Alpha-64\Megamendung-R32-A64-02.png,0.199638
Rank-32-Alpha-64,Megamendung-R32-A64-08.png,D:\PIctures\Generations\ComfyUI\Txt2Img\Megamendung\Rank-32-Alpha-64\Megamendung-R32-A64-08.png,0.211312
Rank-32-Alpha-64,Megamendung-R32-A64-10.png,D:\PIctures\Generations\ComfyUI\Txt2Img\Megamendung\Rank-32-Alpha-64\Megamendung-R32-A64-10.png,0.202182
Rank-32-Alpha-64,Megamendung-R32-A64-11.png,D:\PIctures\Generations\ComfyUI\Txt2Img\Megamendung\Rank-32-Alpha-64\Megamendung-R32-A64-11.png,0.213393
